Geo Point,Geo Shape,rue,motdir,id_seg_ges,commune,code_insee,codsti,nrivoli,pole,longueur,id_seg_obs,type,arrete,sensunique,doublesens_cyclable
"43.60885720922945,1.4420873279127275","{""coordinates"": [[[1.441537058711897, 43.60875643454241], [1.441618491545662, 43.6087099189586], [1.441804921409475, 43.60878382052883], [1.441991199353863, 43.60887679569664], [1.442121003018482, 43.60891509451425], [1.442281665342546, 43.60892681999419], [1.442495488717688, 43.608908014385754], [1.442576858099407, 43.60891640253216], [1.442661048451478, 43.608943391440924]]], ""type"": ""MultiLineString""}",PL SAINT SERNIN,SERNIN (PL SAINT SERNIN),3252,TOULOUSE,31555,3.15556E+11,3105557984,Centre,99,3252,Aire Pietonne,19/091,oui,oui
"43.60267949020076,1.4435275054262093","{""coordinates"": [[[1.443550158010346, 43.60242705411675], [1.443504852842072, 43.60293192628476]]], ""type"": ""MultiLineString""}",RUE SAINT ROME,ROME (RUE SAINT ROME),4637,TOULOUSE,31555,3.15556E+11,3105557972,Centre,56,4637,Aire Pietonne,11/096,oui,oui
"43.60312898488691,1.4452830030712782","{""coordinates"": [[[1.44511067207085, 43.60298526260875], [1.445455334071706, 43.603272707165075]]], ""type"": ""MultiLineString""}",RUE DE LA BARUTTE,BARUTTE (RUE DE LA BARUTTE),4687,TOULOUSE,31555,3.15551E+11,3105550890,Centre,42,4687,Aire Pietonne,11/107,oui,oui
"43.60456652696779,1.4504506127943984","{""coordinates"": [[[1.450399983744345, 43.604425159792086], [1.450501241844452, 43.604707894143495]]], ""type"": ""MultiLineString""}",IMP DE LA COLOMBETTE,COLOMBETTE (IMP DE LA COLOMBETTE),5444,TOULOUSE,31555,3.15552E+11,3105552184,Centre,32,5444,Aire Pietonne,11/150,,
"43.60200083910469,1.4426529939872337","{""coordinates"": [[[1.442716909221257, 43.601992828417025], [1.44258907875321, 43.602008849792355]]], ""type"": ""MultiLineString""}",RUE BEDELIERES,BEDELIERES (RUE BEDELIERES),8104,TOULOUSE,31555,3.15558E+11,3105550973,Centre,10,8104,Aire Pietonne,11/098,,
"43.60214707145916,1.448000408929321","{""coordinates"": [[[1.447870826291799, 43.6023711644709], [1.448129991566843, 43.60192297844742]]], ""type"": ""MultiLineString""}",PL SAINT GEORGES,GEORGES (PL SAINT GEORGES),4681,TOULOUSE,31555,3.15556E+11,3105557792,Centre,54,4681,Aire Pietonne,11/111,,
"43.60294904818536,1.4438164160379623","{""coordinates"": [[[1.443504841131576, 43.60293287137426], [1.444127990944349, 43.60296522499646]]], ""type"": ""MultiLineString""}",RUE BAOUR LORMIAN,LORMIAN (RUE BAOUR LORMIAN),4641,TOULOUSE,31555,3.15551E+11,3105550816,Centre,50,4641,Aire Pietonne,11/105,,
"43.60231914153469,1.4440596312696405","{""coordinates"": [[[1.443550158010346, 43.60242705411675], [1.443841052745535, 43.60238961390132], [1.444211150340365, 43.6022789875993], [1.444451713722739, 43.60221181781333], [1.444565285242564, 43.60219094828832]]], ""type"": ""MultiLineString""}",RUE JULES CHALANDE,CHALANDE (RUE JULES CHALANDE),4647,TOULOUSE,31555,3.15552E+11,3105554792,Centre,86,4647,Aire Pietonne,11/101,,
"43.60650924913291,1.4435267827052112","{""coordinates"": [[[1.442432542843583, 43.606554656661366], [1.442714682342526, 43.60658148585642], [1.443241943070181, 43.60658564390149], [1.443703760288632, 43.60652589309945], [1.444100876745065, 43.60643914484229], [1.444431376475062, 43.606366055594386], [1.444607870801757, 43.6063182514496]]], ""type"": ""MultiLineString""}",RUE MONTOYOL,MONTOYOL (RUE MONTOYOL),3307,TOULOUSE,31555,3.15555E+11,3105556084,Centre,180,3307,Aire Pietonne,11/115,oui,oui
"43.601976551433694,1.4456413077595198","{""coordinates"": [[[1.445645368015829, 43.60144249193816], [1.44563724750321, 43.60251061092924]]], ""type"": ""MultiLineString""}",RUE D ALSACE LORRAINE,LORRAINE (RUE D ALSACE LORRAINE),4661,TOULOUSE,31555,3.1555E+11,3105550224,Centre,119,4661,Aire Pietonne,13/107,oui,oui
"43.60275672371161,1.4456524614589727","{""coordinates"": [[[1.44563724750321, 43.60251061092924], [1.445667675414735, 43.60300283649397]]], ""type"": ""MultiLineString""}",RUE D ALSACE LORRAINE,LORRAINE (RUE D ALSACE LORRAINE),4685,TOULOUSE,31555,3.1555E+11,3105550224,Centre,55,4685,Aire Pietonne,13/107,oui,oui
"43.60306812565493,1.4456686515992576","{""coordinates"": [[[1.445667675414735, 43.60300283649397], [1.44566962778378, 43.60313341481589]]], ""type"": ""MultiLineString""}",RUE D ALSACE LORRAINE,LORRAINE (RUE D ALSACE LORRAINE),4686,TOULOUSE,31555,3.1555E+11,3105550224,Centre,15,4686,Aire Pietonne,13/107,oui,oui
"43.603601824190996,1.4456782710334624","{""coordinates"": [[[1.445677459535496, 43.60348165894693], [1.445679082531429, 43.60372198943506]]], ""type"": ""MultiLineString""}",RUE D ALSACE LORRAINE,LORRAINE (RUE D ALSACE LORRAINE),4691,TOULOUSE,31555,3.1555E+11,3105550224,Centre,27,4691,Aire Pietonne,13/107,oui,oui
"43.59977466430469,1.4438612411319838","{""coordinates"": [[[1.443911110854428, 43.599617056153875], [1.44381137140954, 43.5999322724555]]], ""type"": ""MultiLineString""}",RUE DES FILATIERS,FILATIERS (RUE DES FILATIERS),4828,TOULOUSE,31555,3.15553E+11,3105553300,Centre,36,4828,Aire Pietonne,11/114,oui,oui
"43.65466165699773,1.3920358387371767","{""coordinates"": [[[1.390980250068945, 43.65428022120116], [1.391250594917901, 43.654289436246515], [1.391463679478702, 43.65434156064749], [1.392127961395636, 43.65468960491253], [1.393049263682784, 43.65518358662287]]], ""type"": ""MultiLineString""}",CHE DU MOULIN DE NAUDIN,NAUDIN (CHE DU MOULIN DE NAUDIN),20786,BLAGNAC,31069,3.1069E+11,3100690711,Ouest,198,2078,Aire Pietonne,,oui,oui
"43.60320306099048,1.4455624809277432","{""coordinates"": [[[1.44566962778378, 43.60313341481589], [1.445455334071706, 43.603272707165075]]], ""type"": ""MultiLineString""}",RUE DE LA POMME,POMME (RUE DE LA POMME),4688,TOULOUSE,31555,3.15555E+11,3105556988,Centre,23,4688,Aire Pietonne,13/108,oui,oui
"43.602833616315046,1.4460089296831387","{""coordinates"": [[[1.446329818805597, 43.60251511472187], [1.446140465287979, 43.602728400768505], [1.44566962778378, 43.60313341481589]]], ""type"": ""MultiLineString""}",RUE DE LA POMME,POMME (RUE DE LA POMME),4701,TOULOUSE,31555,3.15555E+11,3105556988,Centre,87,4701,Aire Pietonne,13/108,oui,oui
"43.606556705275295,1.445693458144763","{""coordinates"": [[[1.445687368998226, 43.60613562906969], [1.4456995472913, 43.60697778148089]]], ""type"": ""MultiLineString""}",RUE D ALSACE LORRAINE,LORRAINE (RUE D ALSACE LORRAINE),3301,TOULOUSE,31555,3.1555E+11,3105550224,Centre,94,3301,Aire Pietonne,13/107,oui,oui
"43.60532998716352,1.445685702198134","{""coordinates"": [[[1.445678483723382, 43.6048970755092], [1.445692920672886, 43.605762898817844]]], ""type"": ""MultiLineString""}",RUE D ALSACE LORRAINE,LORRAINE (RUE D ALSACE LORRAINE),4623,TOULOUSE,31555,3.1555E+11,3105550224,Centre,96,4623,Aire Pietonne,13/107,oui,oui
"43.60537813992478,1.4439917238869526","{""coordinates"": [[[1.443707750343377, 43.604951562797204], [1.444275697430528, 43.605804717052365]]], ""type"": ""MultiLineString""}",RUE DE REMUSAT,REMUSAT (RUE DE REMUSAT),4621,TOULOUSE,31555,3.15556E+11,3105557392,Centre,105,4621,Aire Pietonne,13/112,oui,oui
"43.603950919043584,1.4460356670373389","{""coordinates"": [[[1.445679082531429, 43.60372198943506], [1.446392251543249, 43.6041798486521]]], ""type"": ""MultiLineString""}",RUE LAPEYROUSE,LAPEYROUSE (RUE LAPEYROUSE),4694,TOULOUSE,31555,3.15554E+11,3105555012,Centre,77,4694,Aire Pietonne,13/115,oui,oui
"43.605722856995015,1.442270876026734","{""coordinates"": [[[1.442656070515641, 43.605625421369275], [1.442337847551158, 43.605661698325406], [1.44222935186236, 43.60569018710474], [1.44217392029243, 43.605739889254956], [1.442045002475847, 43.6058278062141], [1.441917527884939, 43.60590721726129]]], ""type"": ""MultiLineString""}",RUE DES PENITENTS GRIS,GRIS (RUE DES PENITENTS GRIS),4618,TOULOUSE,31555,3.15555E+11,3105556724,Centre,70,4618,Aire Pietonne,13/116,oui,oui
"43.59291116923946,1.4450057558515415","{""coordinates"": [[[1.444523949864772, 43.59274200907198], [1.445487561838311, 43.59308032940694]]], ""type"": ""MultiLineString""}",ALL JULES GUESDE,GUESDE (ALL JULES GUESDE),4922,TOULOUSE,31555,3.15553E+11,3105554812,Centre,86,4922,Aire Pietonne,13/227,,
"43.593580527509374,1.447133973321359","{""coordinates"": [[[1.44644063128918, 43.59332908818162], [1.447827315353538, 43.59383196683713]]], ""type"": ""MultiLineString""}",ALL JULES GUESDE,GUESDE (ALL JULES GUESDE),5268,TOULOUSE,31555,3.15553E+11,3105554812,Centre,125,5268,Aire Pietonne,13/227,oui,oui
"43.59325159963008,1.4462074930784492","{""coordinates"": [[[1.445968782471716, 43.59319575691706], [1.446153206682855, 43.59322464959385], [1.44644063128918, 43.59332908818162]]], ""type"": ""MultiLineString""}",ALL JULES GUESDE,GUESDE (ALL JULES GUESDE),8127,TOULOUSE,31555,3.15553E+11,3105554812,Centre,41,8127,Aire Pietonne,13/227,oui,oui
"43.60782628819332,1.4416988546853877","{""coordinates"": [[[1.441465643771347, 43.60783420822429], [1.441636306293583, 43.60781807218542], [1.441932377509154, 43.607834675301476]]], ""type"": ""MultiLineString""}",PL SAINT SERNIN,SERNIN (PL SAINT SERNIN),7682,TOULOUSE,31555,3.15556E+11,3105557984,Centre,38,7682,Aire Pietonne,,,
"43.60809085778078,1.4412564716714407","{""coordinates"": [[[1.441047299571534, 43.60834750733728], [1.441465643771347, 43.60783420822429]]], ""type"": ""MultiLineString""}",PRV SAINT JEAN PAUL II,PAUL (PRV SAINT JEAN PAUL II),34120,TOULOUSE,31555,3.15559E+11,3105558037,Centre,66,3412,Aire Pietonne,,oui,oui
"43.61002906844118,1.4421025489528052","{""coordinates"": [[[1.441631328659911, 43.61006319724235], [1.4425737692457, 43.60999493964001]]], ""type"": ""MultiLineString""}",RUE SAINT CHARLES,CHARLES (RUE SAINT CHARLES),3241,TOULOUSE,31555,3.15556E+11,3105557728,Centre,76,3241,Aire Pietonne,17/196,oui,oui
"43.60963098142531,1.4391416746111538","{""coordinates"": [[[1.439127282446662, 43.60946245683346], [1.439156066775646, 43.60979950601717]]], ""type"": ""MultiLineString""}",RUE ARNAUD BERNARD,BERNARD (RUE ARNAUD BERNARD),3269,TOULOUSE,31555,3.1555E+11,3105550524,Centre,38,3269,Aire Pietonne,17/196,oui,oui
"43.610418503194765,1.4412171360205952","{""coordinates"": [[[1.441162022718507, 43.61009922597314], [1.441272249322683, 43.6107377804164]]], ""type"": ""MultiLineString""}",RUE PETRARQUE,PETRARQUE (RUE PETRARQUE),3223,TOULOUSE,31555,3.15555E+11,3105556796,Centre,72,3223,Aire Pietonne,17/196,oui,oui
"43.610469904323374,1.4396421140358306","{""coordinates"": [[[1.439704797123288, 43.61045762946603], [1.439579430948374, 43.610482179180714]]], ""type"": ""MultiLineString""}",PL ARNAUD BERNARD,BERNARD (PL ARNAUD BERNARD),8341,TOULOUSE,31555,3.1555E+11,3105550520,Centre,10,8341,Aire Pietonne,17/196,oui,oui
"43.5716544500561,1.4793331895865578","{""coordinates"": [[[1.480027020652776, 43.571251574947766], [1.47863935852034, 43.57205732516443]]], ""type"": ""MultiLineString""}",PL MARCEL BOUILLOUX LAFONT,LAFONT (PL MARCEL BOUILLOUX LAFONT),35169,Toulouse,31555,3.15559E+11,,,143,35169,Aire Pietonne,21/081,,
"43.60803255277716,1.4421744980802258","{""coordinates"": [[[1.442489265903999, 43.608181333856194], [1.441937274669796, 43.60793209262169], [1.441932288997836, 43.60783426000082]]], ""type"": ""MultiLineString""}",PL SAINT SERNIN,SERNIN (PL SAINT SERNIN),3249,TOULOUSE,31555,3.15556E+11,3105557984,Centre,63,3249,Aire Pietonne,19/091,oui,oui
"43.607697208186934,1.4419880504803142","{""coordinates"": [[[1.442043811962793, 43.60756015637304], [1.441932288997836, 43.60783426000082]]], ""type"": ""MultiLineString""}",RUE DU TAUR,TAUR (RUE DU TAUR),3247,TOULOUSE,31555,3.15557E+11,3105558408,Centre,32,3247,Aire Pietonne,19/091,oui,oui
"43.60616728922257,1.4470071439285057","{""coordinates"": [[[1.447043549053344, 43.60599585618434], [1.446970738803668, 43.60633872226079]]], ""type"": ""MultiLineString""}",PL VICTOR HUGO,HUGO (PL VICTOR HUGO),3328,TOULOUSE,31555,3.15553E+11,3105558840,Centre,39,3328,Aire Pietonne,18/206,oui,oui
"43.60192036368943,1.443546013062535","{""coordinates"": [[[1.443558423885702, 43.60178658473372], [1.443533602239367, 43.60205414264514]]], ""type"": ""MultiLineString""}",RUE SAINT ROME,ROME (RUE SAINT ROME),5115,TOULOUSE,31555,3.15556E+11,3105557972,Centre,30,5115,Aire Pietonne,11/096,oui,oui
"43.603051833396734,1.443473116868102","{""coordinates"": [[[1.443504852842072, 43.60293192628476], [1.443441380894132, 43.6031717405087]]], ""type"": ""MultiLineString""}",RUE SAINT ROME,ROME (RUE SAINT ROME),5132,TOULOUSE,31555,3.15556E+11,3105557972,Centre,27,5132,Aire Pietonne,11/096,oui,oui
"43.60304948400244,1.4427418986181662","{""coordinates"": [[[1.442032299414538, 43.603111364359854], [1.442307838028306, 43.603053987816565], [1.442570373078509, 43.602997407672675], [1.44271921558611, 43.602969255130326], [1.442827267409412, 43.602970107630306], [1.442920693214476, 43.60299070322564], [1.443066908155717, 43.6030514761114], [1.443157461171868, 43.60309097377082], [1.443271494625683, 43.60312688056077], [1.443441380894132, 43.6031717405087]]], ""type"": ""MultiLineString""}",RUE DES GESTES,GESTES (RUE DES GESTES),4609,TOULOUSE,31555,3.15553E+11,3105553884,Centre,121,4609,Aire Pietonne,11/102,,
"43.60256067322722,1.4479598358494161","{""coordinates"": [[[1.447870826291799, 43.6023711644709], [1.44799548002852, 43.602656925284485], [1.448076400800346, 43.602730408621525]]], ""type"": ""MultiLineString""}",RUE PAUL VIDAL,VIDAL (RUE PAUL VIDAL),4756,TOULOUSE,31555,3.15557E+11,3105556660,Centre,44,4756,Aire Pietonne,11/001,,
"43.60351131448671,1.4433699070755361","{""coordinates"": [[[1.443441380894132, 43.6031717405087], [1.443298433256941, 43.60385088846473]]], ""type"": ""MultiLineString""}",RUE SAINT ROME,ROME (RUE SAINT ROME),4635,TOULOUSE,31555,3.15556E+11,3105557972,Centre,76,4635,Aire Pietonne,11/096,oui,oui
"43.602036819202944,1.443124700723202","{""coordinates"": [[[1.443533602239367, 43.60205414264514], [1.443345982846509, 43.60206307610914], [1.443182117029509, 43.60205137170897], [1.442953437868199, 43.60202024016591], [1.442716909221257, 43.601992828417025]]], ""type"": ""MultiLineString""}",RUE BEDELIERES,BEDELIERES (RUE BEDELIERES),4611,TOULOUSE,31555,3.15558E+11,3105550973,Centre,66,4611,Aire Pietonne,11/098,,
"43.60181091556874,1.4439192656858266","{""coordinates"": [[[1.443558412176255, 43.60178752982361], [1.444129458060823, 43.601820424326], [1.444277386610211, 43.60185375260575]]], ""type"": ""MultiLineString""}",RUE DU PUITS VERT,VERT (RUE DU PUITS VERT),5137,TOULOUSE,31555,3.15556E+11,3105557188,Centre,59,5137,Aire Pietonne,11/100,,
"43.60178749004074,1.4478944444834432","{""coordinates"": [[[1.448130000031852, 43.6019226454742], [1.447658888935035, 43.60165233460729]]], ""type"": ""MultiLineString""}",PL SAINT GEORGES,GEORGES (PL SAINT GEORGES),4680,TOULOUSE,31555,3.15556E+11,3105557792,Centre,48,4680,Aire Pietonne,11/111,,
"43.60166804836854,1.4441838162150147","{""coordinates"": [[[1.444090245819818, 43.60148234413132], [1.444277386610211, 43.60185375260575]]], ""type"": ""MultiLineString""}",RUE DES PUITS CLOS,CLOS (RUE DES PUITS CLOS),4654,TOULOUSE,31555,3.15556E+11,3105557180,Centre,44,4654,Aire Pietonne,11/104,oui,oui
"43.60279180443958,1.4442253018759768","{""coordinates"": [[[1.444325404879928, 43.60264887467202], [1.444325167539054, 43.60275200243496], [1.444192382004174, 43.60275096246405], [1.444158236194496, 43.602858549111396], [1.444127990944349, 43.60296522499646]]], ""type"": ""MultiLineString""}",IMP BAOUR LORMIAN,LORMIAN (IMP BAOUR LORMIAN),4642,TOULOUSE,31555,3.15551E+11,3105550812,Centre,47,4642,Aire Pietonne,11/106,,
"43.59958940808852,1.4449291315927835","{""coordinates"": [[[1.444498206333191, 43.59970961680361], [1.445261714442857, 43.59949423612353], [1.445363340565297, 43.5994893644253]]], ""type"": ""MultiLineString""}",RUE DE LA TRINITE,TRINITE (RUE DE LA TRINITE),5270,TOULOUSE,31555,3.15557E+11,3105558580,Centre,74,5270,Aire Pietonne,11/094,oui,oui
"43.606646106859195,1.4423921135394946","{""coordinates"": [[[1.442432542843583, 43.606554656661366], [1.442351684235406, 43.606737557057016]]], ""type"": ""MultiLineString""}",RUE DU TAUR,TAUR (RUE DU TAUR),3262,TOULOUSE,31555,3.15557E+11,3105558408,Centre,21,3262,Aire Pietonne,13/114,oui,oui
"43.606192079633146,1.4425258581389762","{""coordinates"": [[[1.442619173434369, 43.60582950260493], [1.442432542843583, 43.606554656661366]]], ""type"": ""MultiLineString""}",RUE DU TAUR,TAUR (RUE DU TAUR),3309,TOULOUSE,31555,3.15557E+11,3105558408,Centre,82,3309,Aire Pietonne,13/114,oui,oui
"43.60522679385322,1.4427390965132811","{""coordinates"": [[[1.44282683057064, 43.60482918650146], [1.442751621818227, 43.60515690311186], [1.442656070515641, 43.605625421369275]]], ""type"": ""MultiLineString""}",RUE DU TAUR,TAUR (RUE DU TAUR),4620,TOULOUSE,31555,3.15557E+11,3105558408,Centre,90,4620,Aire Pietonne,13/114,oui,oui
"43.59966330964762,1.4442046716651444","{""coordinates"": [[[1.443911136997098, 43.59961700249163], [1.444498206333191, 43.59970961680361]]], ""type"": ""MultiLineString""}",PL DE LA TRINITE,TRINITE (PL DE LA TRINITE),5668,TOULOUSE,31555,3.15557E+11,3105558576,Centre,48,5668,Aire Pietonne,11/095,,
"43.59982092229808,1.4441548018281036","{""coordinates"": [[[1.443811397323016, 43.59993222779255], [1.444498206333191, 43.59970961680361]]], ""type"": ""MultiLineString""}",PL DE LA TRINITE,TRINITE (PL DE LA TRINITE),5667,TOULOUSE,31555,3.15557E+11,3105558576,Centre,61,5667,Aire Pietonne,11/095,oui,oui
"43.59779886514827,1.4348768299750392","{""coordinates"": [[[1.434941832965184, 43.59758934157062], [1.434811826984894, 43.59800838872592]]], ""type"": ""MultiLineString""}",RUE DU CHAIREDON,CHAIREDON (RUE DU CHAIREDON),2742,TOULOUSE,31555,3.15552E+11,3105551848,Centre,48,2742,Aire Pietonne,11/091,,
"43.66260377700487,1.3925981937301615","{""coordinates"": [[[1.391779815040784, 43.66227305314492], [1.393083516684742, 43.66282362288009], [1.393302199720627, 43.662836706237826], [1.39343176121805, 43.662791900573964]]], ""type"": ""MultiLineString""}",CHE DE CLOUTOS,CLOUTOS (CHE DE CLOUTOS),27060,BEAUZELLE,31056,3.1056E+11,3100560028,Ouest,151,2706,Aire Pietonne,,oui,oui
"43.5982665801118,1.4347395859803558","{""coordinates"": [[[1.434811826984894, 43.59800838872592], [1.434667344975817, 43.59852477149767]]], ""type"": ""MultiLineString""}",PL OLIVIER,OLIVIER (PL OLIVIER),2739,TOULOUSE,31555,3.15555E+11,3105556372,Centre,59,2739,Aire Pietonne,11/091,,
"43.60383850328899,1.4431755975354612","{""coordinates"": [[[1.443298435533597, 43.60385177072585], [1.443052759537325, 43.60382523585213]]], ""type"": ""MultiLineString""}",PL DU CAPITOLE,CAPITOLE (PL DU CAPITOLE),4907,TOULOUSE,31555,3.15551E+11,3105551676,Centre,20,4907,Aire Pietonne,13/106,oui,oui
"43.604891276534545,1.4460242507123109","{""coordinates"": [[[1.445678483723382, 43.6048970755092], [1.44637001770124, 43.6048854775599]]], ""type"": ""MultiLineString""}",RUE LAFAYETTE,LAFAYETTE (RUE LAFAYETTE),4707,TOULOUSE,31555,3.15554E+11,3105554920,Centre,56,4707,Aire Pietonne,13/109,oui,oui
"43.60592740422974,1.4443565472308455","{""coordinates"": [[[1.444275697430528, 43.605804717052365], [1.444437397031163, 43.60605009140711]]], ""type"": ""MultiLineString""}",RUE DE REMUSAT,REMUSAT (RUE DE REMUSAT),3312,TOULOUSE,31555,3.15556E+11,3105557392,Centre,30,3312,Aire Pietonne,13/112,oui,oui
"43.59418435985658,1.4488472168855009","{""coordinates"": [[[1.448456733877705, 43.59404978651043], [1.449237699893296, 43.59431893320272]]], ""type"": ""MultiLineString""}",ALL JULES GUESDE,GUESDE (ALL JULES GUESDE),5260,TOULOUSE,31555,3.15553E+11,3105554812,Centre,70,5260,Aire Pietonne,13/227,oui,oui
"43.59473920650659,1.4504108736055674","{""coordinates"": [[[1.449237699893296, 43.59431893320272], [1.451584047317839, 43.59515947981046]]], ""type"": ""MultiLineString""}",ALL JULES GUESDE,GUESDE (ALL JULES GUESDE),5261,TOULOUSE,31555,3.15553E+11,3105554812,Centre,211,5261,Aire Pietonne,13/227,,
"43.60297982644008,1.444967561089595","{""coordinates"": [[[1.444824423965285, 43.60297444393387], [1.445110698213905, 43.60298520894629]]], ""type"": ""MultiLineString""}",PL ROGER SALENGRO,SALENGRO (PL ROGER SALENGRO),4969,TOULOUSE,31555,3.15556E+11,3105557572,Centre,23,4969,Aire Pietonne,15/073,oui,oui
"43.60883259355158,1.4417076348816757","{""coordinates"": [[[1.441537058711897, 43.60875643454241], [1.441878211051455, 43.60890875256075]]], ""type"": ""MultiLineString""}",PL SAINT SERNIN,SERNIN (PL SAINT SERNIN),3253,TOULOUSE,31555,3.15556E+11,3105557984,Centre,32,3253,Aire Pietonne,,,
"43.61045036201418,1.4394064687487171","{""coordinates"": [[[1.439579430948374, 43.610482179180714], [1.439366199479204, 43.61046062098009], [1.439248954065227, 43.61037738694283]]], ""type"": ""MultiLineString""}",PL ARNAUD BERNARD,BERNARD (PL ARNAUD BERNARD),5299,TOULOUSE,31555,3.1555E+11,3105550520,Centre,31,5299,Aire Pietonne,17/196,oui,oui
"43.61008121160774,1.4413966756892085","{""coordinates"": [[[1.441162022718507, 43.61009922597314], [1.441631328659911, 43.61006319724235]]], ""type"": ""MultiLineString""}",RUE SAINT CHARLES,CHARLES (RUE SAINT CHARLES),3227,TOULOUSE,31555,3.15556E+11,3105557728,Centre,38,3227,Aire Pietonne,17/196,oui,oui
"43.60898596849019,1.4416211815127176","{""coordinates"": [[[1.441314964523722, 43.60891670664795], [1.44162002890486, 43.60901606420411], [1.441721808780339, 43.60903686324403], [1.441793369628338, 43.609036855579404], [1.441826066740776, 43.609013007991045], [1.441844844102472, 43.608958841952365], [1.441878211051455, 43.60890875256075]]], ""type"": ""MultiLineString""}",RUE DES CUVES SAINT SERNIN,SERNIN (RUE DES CUVES SAINT SERNIN),3255,TOULOUSE,31555,3.15552E+11,3105552436,Centre,57,3255,Aire Pietonne,17/196,oui,oui
"43.60996507967201,1.4404706703438872","{""coordinates"": [[[1.440492542276842, 43.60976561736697], [1.440448798410932, 43.61016454197704]]], ""type"": ""MultiLineString""}",RUE GATIEN ARNOULT,ARNOULT (RUE GATIEN ARNOULT),3221,TOULOUSE,31555,3.15553E+11,3105553780,Centre,44,3221,Aire Pietonne,17/196,oui,oui
"43.61106168836014,1.440535604001169","{""coordinates"": [[[1.440577362789534, 43.61122901088653], [1.440493845212805, 43.61089436583374]]], ""type"": ""MultiLineString""}",RUE DE L HIRONDELLE,HIRONDELLE (RUE DE L HIRONDELLE),5317,TOULOUSE,31555,3.15553E+11,3105554236,Centre,38,5317,Aire Pietonne,17/196,oui,oui
"43.60883657059518,1.4414260116178093","{""coordinates"": [[[1.441537058711897, 43.60875643454241], [1.441314964523722, 43.60891670664795]]], ""type"": ""MultiLineString""}",RUE GATIEN ARNOULT,ARNOULT (RUE GATIEN ARNOULT),5441,TOULOUSE,31555,3.15553E+11,3105553780,Centre,25,5441,Aire Pietonne,17/196,oui,oui
"43.555146017260796,1.4276605780930116","{""coordinates"": [[[1.423887229084135, 43.55562863039531], [1.424115744044205, 43.5555506085841], [1.424348552190576, 43.55543521232269], [1.424940925127877, 43.55536749962942], [1.431470614936912, 43.554817864986454]]], ""type"": ""MultiLineString""}",PROM CLAUDIUS REGAUD,REGAUD (PROM CLAUDIUS REGAUD),34285,TOULOUSE,31555,3.15559E+11,3105552126,Sud,621,34285,Aire Pietonne,20/070,,
"43.60802124179161,1.4409809117026546","{""coordinates"": [[[1.440825007294673, 43.60773033355219], [1.440887914790308, 43.60788569823017], [1.440995170614473, 43.60794133884919], [1.441037140634953, 43.60797206270171], [1.441046074985125, 43.608164077114765], [1.441047664452995, 43.60834777332582]]], ""type"": ""MultiLineString""}",PL SAINT SERNIN,SERNIN (PL SAINT SERNIN),3254,TOULOUSE,31555,3.15556E+11,3105557984,Centre,75,3254,Aire Pietonne,19/091,oui,oui
"43.60856302945053,1.4412818392795477","{""coordinates"": [[[1.441047664452995, 43.60834777332582], [1.441140944481013, 43.608465089401584], [1.441537058711897, 43.60875643454241]]], ""type"": ""MultiLineString""}",PL SAINT SERNIN,SERNIN (PL SAINT SERNIN),7683,TOULOUSE,31555,3.15556E+11,3105557984,Centre,61,7683,Aire Pietonne,19/091,oui,oui
"43.60685071243162,1.4463185771499474","{""coordinates"": [[[1.446341244535074, 43.60664037593574], [1.446295909764821, 43.60706104892751]]], ""type"": ""MultiLineString""}",PL VICTOR HUGO,HUGO (PL VICTOR HUGO),3320,TOULOUSE,31555,3.15553E+11,3105558840,Centre,47,3320,Aire Pietonne,19/111,oui,oui
"43.60642018896425,1.4463738193379094","{""coordinates"": [[[1.446406394140745, 43.606200001992754], [1.446341244535074, 43.60664037593574]]], ""type"": ""MultiLineString""}",PL VICTOR HUGO,HUGO (PL VICTOR HUGO),3322,TOULOUSE,31555,3.15553E+11,3105558840,Centre,49,3322,Aire Pietonne,19/111,oui,oui
"43.62439468794233,1.4337631331516691","{""coordinates"": [[[1.434229957307564, 43.62447362386484], [1.433336130642782, 43.62432429506898], [1.433336794916737, 43.62428201124234]]], ""type"": ""MultiLineString""}",RUE FILHOL,FILHOL (RUE FILHOL),1775,TOULOUSE,31555,3.15553E+11,3105553304,Nord,79,1775,Aire Pietonne,22/039,oui,oui
"43.603926101949504,1.4440856787266045","{""coordinates"": [[[1.443922386889348, 43.60391913725216], [1.444248970563861, 43.603933066646846]]], ""type"": ""MultiLineString""}",RUE DE LA POMME,POMME (RUE DE LA POMME),4624,TOULOUSE,31555,3.15555E+11,3105556988,Centre,26,4624,Aire Pietonne,19/142,oui,oui
"43.60630789882058,1.4472016561896692","{""coordinates"": [[[1.446970738803668, 43.60633872226079], [1.447432573575671, 43.606277075380376]]], ""type"": ""MultiLineString""}",RUE PORTE SARDANE,SARDANE (RUE PORTE SARDANE),3337,TOULOUSE,31555,3.15556E+11,3105557028,Centre,38,3337,Aire Pietonne,18/206,oui,oui
"43.602184721289305,1.44353489964458","{""coordinates"": [[[1.443533602239367, 43.60205414264514], [1.443536197049793, 43.602315299933466]]], ""type"": ""MultiLineString""}",RUE SAINT ROME,ROME (RUE SAINT ROME),4639,TOULOUSE,31555,3.15556E+11,3105557972,Centre,29,4639,Aire Pietonne,11/096,oui,oui
"43.60174781414923,1.443560954714538","{""coordinates"": [[[1.443558423885702, 43.60178658473372], [1.443563485543374, 43.60170904356473]]], ""type"": ""MultiLineString""}",RUE SAINT ROME,ROME (RUE SAINT ROME),4640,TOULOUSE,31555,3.15556E+11,3105557972,Centre,9,4640,Aire Pietonne,11/096,oui,oui
"43.601613713343006,1.443592252609589","{""coordinates"": [[[1.443621019675804, 43.60151838312128], [1.443563485543374, 43.60170904356473]]], ""type"": ""MultiLineString""}",RUE SAINT ROME,ROME (RUE SAINT ROME),4651,TOULOUSE,31555,3.15556E+11,3105557972,Centre,22,4651,Aire Pietonne,11/096,oui,oui
"43.60277509251131,1.4501344379371297","{""coordinates"": [[[1.450235312210948, 43.60315039068466], [1.450223466643643, 43.60263181406768], [1.449808204862513, 43.602628559319136]]], ""type"": ""MultiLineString""}",PL OCCITANE,OCCITANE (PL OCCITANE),8745,TOULOUSE,31555,3.15558E+11,3105556350,Centre,91,8745,Aire Pietonne,11/109,,
"43.63611486739529,1.4643106188237036","{""coordinates"": [[[1.464161182434973, 43.636134528962465], [1.464460055212435, 43.63609520582811]]], ""type"": ""MultiLineString""}",PL SAINT CAPRAIS,CAPRAIS (PL SAINT CAPRAIS),8956,TOULOUSE,31555,3.15558E+11,3105557726,Nord,24,8956,Aire Pietonne,02/213,,
"43.60997460493934,1.438696705047371","{""coordinates"": [[[1.438237921731784, 43.609897249592805], [1.438732578287433, 43.60999388249826], [1.439159214961201, 43.61002376980502]]], ""type"": ""MultiLineString""}",RUE DES QUETEURS,QUETEURS (RUE DES QUETEURS),3239,TOULOUSE,31555,3.15556E+11,3105557228,Centre,76,3239,Aire Pietonne,07/307,oui,oui
"43.60234661069732,1.447578922015078","{""coordinates"": [[[1.447287017738357, 43.60232205692373], [1.447870826291799, 43.6023711644709]]], ""type"": ""MultiLineString""}",PL SAINT GEORGES,GEORGES (PL SAINT GEORGES),4682,TOULOUSE,31555,3.15556E+11,3105557792,Centre,47,4682,Aire Pietonne,11/111,,
"43.60249741531492,1.4459839966006767","{""coordinates"": [[[1.445637233744555, 43.60251066475834], [1.445828766247742, 43.60249988068102], [1.446030834313173, 43.60248254017666], [1.446188175634211, 43.602495125063136], [1.446329792663813, 43.602515168384606]]], ""type"": ""MultiLineString""}",RUE DU FOURBASTARD,FOURBASTARD (RUE DU FOURBASTARD),4662,TOULOUSE,31555,3.15553E+11,3105553416,Centre,56,4662,Aire Pietonne,11/108,oui,oui
"43.60146458052844,1.4429246695007127","{""coordinates"": [[[1.442228293181882, 43.60141083159772], [1.443621045819543, 43.60151832945916]]], ""type"": ""MultiLineString""}",RUE TEMPONIERES,TEMPONIERES (RUE TEMPONIERES),2,TOULOUSE,31555,3.15557E+11,3105558428,Centre,113,2,Aire Pietonne,11/167,oui,oui
"43.60053640471618,1.4437613533194797","{""coordinates"": [[[1.443784020366132, 43.600370067193396], [1.443738686272828, 43.60070274223896]]], ""type"": ""MultiLineString""}",RUE DES CHANGES,CHANGES (RUE DES CHANGES),4671,TOULOUSE,31555,3.15552E+11,3105551876,Centre,37,4671,Aire Pietonne,11/028,oui,oui
"43.60330753688142,1.4456735436596382","{""coordinates"": [[[1.44566962778378, 43.60313341481589], [1.445677459535496, 43.60348165894693]]], ""type"": ""MultiLineString""}",RUE D ALSACE LORRAINE,LORRAINE (RUE D ALSACE LORRAINE),4692,TOULOUSE,31555,3.1555E+11,3105550224,Centre,39,4692,Aire Pietonne,13/107,oui,oui
"43.606521232632126,1.4419681908544004","{""coordinates"": [[[1.441643330956623, 43.60621917046021], [1.441779178953975, 43.60636405802142], [1.44189539989044, 43.606515405614324], [1.442133997507186, 43.60666678193207], [1.442351684235406, 43.606737557057016]]], ""type"": ""MultiLineString""}",RUE DE L ESQUILE,ESQUILE (RUE DE L ESQUILE),3261,TOULOUSE,31555,3.15553E+11,3105553080,Centre,83,3261,Aire Pietonne,11/118,oui,oui
"43.59821447747354,1.4344344384764227","{""coordinates"": [[[1.434057049967951, 43.598420566221165], [1.434811826984894, 43.59800838872592]]], ""type"": ""MultiLineString""}",PL OLIVIER,OLIVIER (PL OLIVIER),2738,TOULOUSE,31555,3.15555E+11,3105556372,Centre,76,2738,Aire Pietonne,11/091,,
"43.60246054808829,1.4452265856002167","{""coordinates"": [[[1.444815923697223, 43.60241048524734], [1.44563724750321, 43.60251061092924]]], ""type"": ""MultiLineString""}",RUE DU FOURBASTARD,FOURBASTARD (RUE DU FOURBASTARD),4660,TOULOUSE,31555,3.15553E+11,3105553416,Centre,67,4660,Aire Pietonne,11/108,oui,oui
"43.66221906183828,1.391560589022281","{""coordinates"": [[[1.391341363003778, 43.662165070531636], [1.391779815040784, 43.66227305314492]]], ""type"": ""MultiLineString""}",CHE DE CLOUTOS,CLOUTOS (CHE DE CLOUTOS),12431,BEAUZELLE,31056,3.1056E+11,3100560028,Ouest,37,1243,Aire Pietonne,,,
"43.6553501989639,1.3933100362268185","{""coordinates"": [[[1.393049263682784, 43.65518358662287], [1.393570808770853, 43.655516811304935]]], ""type"": ""MultiLineString""}",CHE DU MOULIN DE NAUDIN,NAUDIN (CHE DU MOULIN DE NAUDIN),20842,BLAGNAC,31069,3.1069E+11,3100690711,Ouest,56,2084,Aire Pietonne,,,
"43.604327211176795,1.4429397950539826","{""coordinates"": [[[1.443052759537325, 43.60382523585213], [1.44282683057064, 43.60482918650146]]], ""type"": ""MultiLineString""}",PL DU CAPITOLE,CAPITOLE (PL DU CAPITOLE),4615,TOULOUSE,31555,3.15551E+11,3105551676,Centre,113,4615,Aire Pietonne,13/106,oui,oui
"43.60388545398901,1.443610411211473","{""coordinates"": [[[1.443922386889348, 43.60391913725216], [1.443298435533597, 43.60385177072585]]], ""type"": ""MultiLineString""}",PL DU CAPITOLE,CAPITOLE (PL DU CAPITOLE),4903,TOULOUSE,31555,3.15551E+11,3105551676,Centre,51,4903,Aire Pietonne,13/106,oui,oui
"43.607118202565545,1.4454529630263808","{""coordinates"": [[[1.44524436364868, 43.60729115329378], [1.445272870571929, 43.60721284727065], [1.4456995472913, 43.60697778148089]]], ""type"": ""MultiLineString""}",RUE DU SALE,SALE (RUE DU SALE),3299,TOULOUSE,31555,3.15556E+11,3105558096,Centre,52,3299,Aire Pietonne,13/110,oui,oui
"43.607879218451984,1.4459725616006867","{""coordinates"": [[[1.445687178363874, 43.60772038885984], [1.4462579448375, 43.608038048044136]]], ""type"": ""MultiLineString""}",RUE DE BAYARD,BAYARD (RUE DE BAYARD),5464,TOULOUSE,31555,3.15551E+11,3105550920,Centre,58,5464,Aire Pietonne,13/111,oui,oui
"43.60406051559411,1.436942984653476","{""coordinates"": [[[1.435864351351921, 43.60366704576124], [1.436194343696088, 43.60388727927628], [1.436375776109968, 43.60394265855853], [1.438070205681513, 43.60433929966885]]], ""type"": ""MultiLineString""}",RUE PARGAMINIERES,PARGAMINIERES (RUE PARGAMINIERES),3129,TOULOUSE,31555,3.15555E+11,3105556540,Centre,195,3129,Aire Pietonne,15/93,oui,oui
"43.60979336293348,1.4398245684255007","{""coordinates"": [[[1.439156066775646, 43.60979950601717], [1.439805750679696, 43.60980464802304], [1.440492542276842, 43.60976561736697]]], ""type"": ""MultiLineString""}",RUE GRAMAT,GRAMAT (RUE GRAMAT),3220,TOULOUSE,31555,3.15553E+11,3105553968,Centre,108,3220,Aire Pietonne,17/196,oui,oui
"43.610131883975086,1.4408054105647194","{""coordinates"": [[[1.440448798410932, 43.61016454197704], [1.441162022718507, 43.61009922597314]]], ""type"": ""MultiLineString""}",RUE SAINT CHARLES,CHARLES (RUE SAINT CHARLES),3222,TOULOUSE,31555,3.15556E+11,3105557728,Centre,58,3222,Aire Pietonne,17/196,oui,oui
"43.610207639376284,1.4391807985431644","{""coordinates"": [[[1.439159214961201, 43.61002376980502], [1.439165012116914, 43.610244252347556], [1.439248954065227, 43.61037738694283]]], ""type"": ""MultiLineString""}",RUE ARNAUD BERNARD,BERNARD (RUE ARNAUD BERNARD),3238,TOULOUSE,31555,3.1555E+11,3105550524,Centre,41,3238,Aire Pietonne,17/196,oui,oui
"43.6109374184646,1.4402555627747735","{""coordinates"": [[[1.440493845212805, 43.61089436583374], [1.440017280336742, 43.610980471095466]]], ""type"": ""MultiLineString""}",RUE ESCOUSSIERES A BERNARD,BERNARD (RUE ESCOUSSIERES A BERNARD),3232,TOULOUSE,31555,3.15553E+11,3105553056,Centre,40,3232,Aire Pietonne,17/196,oui,oui
"43.610816073125065,1.440883047267744","{""coordinates"": [[[1.441272249322683, 43.6107377804164], [1.440493845212805, 43.61089436583374]]], ""type"": ""MultiLineString""}",RUE ESCOUSSIERES A BERNARD,BERNARD (RUE ESCOUSSIERES A BERNARD),3228,TOULOUSE,31555,3.15553E+11,3105553056,Centre,65,3228,Aire Pietonne,17/196,oui,oui
"43.60927806903238,1.4408266275858799","{""coordinates"": [[[1.441314964523722, 43.60891670664795], [1.440652948173134, 43.60931463944179], [1.440492542276842, 43.60976561736697]]], ""type"": ""MultiLineString""}",RUE GATIEN ARNOULT,ARNOULT (RUE GATIEN ARNOULT),3243,TOULOUSE,31555,3.15553E+11,3105553780,Centre,121,3243,Aire Pietonne,17/196,oui,oui
"43.610688586495954,1.4415119318122356","{""coordinates"": [[[1.441751614301788, 43.6106393925755], [1.441272249322683, 43.6107377804164]]], ""type"": ""MultiLineString""}",RUE ESCOUSSIERES A BERNARD,BERNARD (RUE ESCOUSSIERES A BERNARD),3225,TOULOUSE,31555,3.15553E+11,3105553056,Centre,40,3225,Aire Pietonne,17/196,oui,oui
"43.610553104879756,1.4404110679872504","{""coordinates"": [[[1.440328290761696, 43.61021184392577], [1.440493845212805, 43.61089436583374]]], ""type"": ""MultiLineString""}",RUE DE L HIRONDELLE,HIRONDELLE (RUE DE L HIRONDELLE),3229,TOULOUSE,31555,3.15553E+11,3105554236,Centre,77,3229,Aire Pietonne,17/196,oui,oui
"43.6093985576809,1.4390032387048772","{""coordinates"": [[[1.438879194963093, 43.60933465852833], [1.439127282446662, 43.60946245683346]]], ""type"": ""MultiLineString""}",PL DES TIERCERETTES,TIERCERETTES (PL DES TIERCERETTES),5400,TOULOUSE,31555,3.15557E+11,3105558480,Centre,25,5400,Aire Pietonne,17/196,,
"43.605005164570805,1.438350079184147","{""coordinates"": [[[1.438810540343203, 43.60445870653604], [1.438765827805264, 43.60466176299704], [1.438755905348188, 43.60480171466924], [1.438798494546772, 43.6049136940488], [1.438204375630141, 43.60511335286267], [1.437591687956312, 43.60533650590524]]], ""type"": ""MultiLineString""}",RUE DE LA BASTIDE,BASTIDE (RUE DE LA BASTIDE),3127,TOULOUSE,31555,3.15551E+11,3105550904,Centre,159,3127,Aire Pietonne,18/122,oui,oui
"43.594716476710985,1.4439563318324742","{""coordinates"": [[[1.443918115613249, 43.5945297839765], [1.443994548051699, 43.594903169445466]]], ""type"": ""MultiLineString""}",PL DU SALIN,SALIN (PL DU SALIN),4847,TOULOUSE,31555,3.15556E+11,3105558116,Centre,42,4847,Aire Pietonne,22/008,oui,oui
"43.604407986539215,1.4540223801823675","{""coordinates"": [[[1.454180926070676, 43.604251220366336], [1.453863834294059, 43.6045647527121]]], ""type"": ""MultiLineString""}",RUE MAURY,MAURY (RUE MAURY),6559,TOULOUSE,31555,3.15555E+11,3105555828,Centre,43,6559,Aire Pietonne,21/072,oui,oui
"43.604241904555835,1.4460310652817971","{""coordinates"": [[[1.445670941771451, 43.60426694502835], [1.445773426815221, 43.60429141406144], [1.446392225400809, 43.604179902314826]]], ""type"": ""MultiLineString""}",RUE DU POIDS DE L HUILE,HUILE (RUE DU POIDS DE L HUILE),4693,TOULOUSE,31555,3.15555E+11,3105556972,Centre,60,4693,Aire Pietonne,19/129,oui,oui
"43.60407858833474,1.4449640238287134","{""coordinates"": [[[1.444248970563861, 43.603933066646846], [1.444596044264899, 43.60396985772194], [1.445670955530473, 43.60426689119928]]], ""type"": ""MultiLineString""}",RUE DU POIDS DE L HUILE,HUILE (RUE DU POIDS DE L HUILE),4625,TOULOUSE,31555,3.15555E+11,3105556972,Centre,121,4625,Aire Pietonne,19/129,oui,oui
"43.604369345408216,1.4466673998169401","{""coordinates"": [[[1.446392251543249, 43.6041798486521], [1.446942548090631, 43.60455884216433]]], ""type"": ""MultiLineString""}",RUE LAPEYROUSE,LAPEYROUSE (RUE LAPEYROUSE),4696,TOULOUSE,31555,3.15554E+11,3105555012,Centre,61,4696,Aire Pietonne,19/129,oui,oui
"43.60064494833873,1.4430999237666868","{""coordinates"": [[[1.442466495733479, 43.60054232483582], [1.442742979130167, 43.60059748963548], [1.443074059742333, 43.60065781835296], [1.443471893004989, 43.60069501774114], [1.443738672283479, 43.60070280506713]]], ""type"": ""MultiLineString""}",RUE MALCOUSINAT,MALCOUSINAT (RUE MALCOUSINAT),1,TOULOUSE,31555,3.15554E+11,3105555536,Centre,104,1,Aire Pietonne,11/001,,
"43.56853378604156,1.415456228903411","{""coordinates"": [[[1.413881707784598, 43.56851636031892], [1.414397573637576, 43.56881759927152], [1.414486928148945, 43.5688457701927], [1.414593533900339, 43.56885136540557], [1.414733120364351, 43.568827020587875], [1.414996120053448, 43.56873264582807], [1.415185196692818, 43.56870675584488], [1.415626787687031, 43.56859113489052], [1.41603091534677, 43.56845722763463], [1.416354067580866, 43.568345327435544], [1.416655364373563, 43.568213429289905], [1.416780729970613, 43.56809996023907], [1.416958222615029, 43.567897036149844]]], ""type"": ""MultiLineString""}",IMP MARTYRS DE BORDELONGUE,BORDELONGUE (IMP MARTYRS DE BORDELONGUE),3793,TOULOUSE,31555,3.15558E+11,3105555743,Sud,294,3793,Aire Pietonne,10/xxx,,
"43.60408210989739,1.4498931461844915","{""coordinates"": [[[1.449779531296223, 43.603770310738454], [1.449930013934525, 43.60424828236724], [1.45007841672543, 43.60433744192373]]], ""type"": ""MultiLineString""}",RUE PIERRE BAUDIS,BAUDIS (RUE PIERRE BAUDIS),8502,TOULOUSE,31555,3.15556E+11,3105556854,Centre,70,8502,Aire Pietonne,11/112,oui,oui
"43.60192079252123,1.4427279548965233","{""coordinates"": [[[1.442760611389592, 43.60185597817809], [1.442718070238414, 43.60191429847913], [1.442716909221257, 43.601992828417025]]], ""type"": ""MultiLineString""}",VA VA008105,(VA VA008105),8105,TOULOUSE,31555,31555A008105,31055,Centre,16,8105,Aire Pietonne,11/097,oui,oui
"43.60187960617259,1.4445562658524511","{""coordinates"": [[[1.444277386610211, 43.60185375260575], [1.444835145094691, 43.60190545973943]]], ""type"": ""MultiLineString""}",RUE DU PUITS VERT,VERT (RUE DU PUITS VERT),4655,TOULOUSE,31555,3.15556E+11,3105557188,Centre,45,4655,Aire Pietonne,11/100,oui,oui
"43.60296459000701,1.4444761367545826","{""coordinates"": [[[1.444127990944349, 43.60296522499646], [1.444306497126928, 43.60295622159397], [1.444506875620206, 43.60296442767034], [1.444824398051255, 43.602974488596985]]], ""type"": ""MultiLineString""}",RUE BAOUR LORMIAN,LORMIAN (RUE BAOUR LORMIAN),4643,TOULOUSE,31555,3.15551E+11,3105550816,Centre,56,4643,Aire Pietonne,11/105,,
"43.599446525452294,1.4433203772209773","{""coordinates"": [[[1.442724713368246, 43.599296365768915], [1.442994736188216, 43.59934769803536], [1.443911136997098, 43.59961700249163]]], ""type"": ""MultiLineString""}",RUE DU COQ D INDE,INDE (RUE DU COQ D INDE),4809,TOULOUSE,31555,3.15552E+11,3105552280,Centre,102,4809,Aire Pietonne,11/093,oui,oui
"43.60015114749297,1.4437977088445741","{""coordinates"": [[[1.443811397323016, 43.59993222779255], [1.443784020366132, 43.600370067193396]]], ""type"": ""MultiLineString""}",RUE DES CHANGES,CHANGES (RUE DES CHANGES),4831,TOULOUSE,31555,3.15552E+11,3105551876,Centre,49,4831,Aire Pietonne,11/028,oui,oui
"43.6011130711182,1.4436944948356503","{""coordinates"": [[[1.443738686272828, 43.60070274223896], [1.443688761084727, 43.60125677744923], [1.443621045819543, 43.60151832945916]]], ""type"": ""MultiLineString""}",RUE DES CHANGES,CHANGES (RUE DES CHANGES),4652,TOULOUSE,31555,3.15552E+11,3105551876,Centre,91,4652,Aire Pietonne,11/028,oui,oui
"43.59998924152954,1.4431862059580494","{""coordinates"": [[[1.442583700780465, 43.60010703738876], [1.442692944378136, 43.600027470011675], [1.443811397323016, 43.59993222779255]]], ""type"": ""MultiLineString""}",RUE DES MARCHANDS,MARCHANDS (RUE DES MARCHANDS),4829,TOULOUSE,31555,3.15554E+11,3105555628,Centre,103,4829,Aire Pietonne,11/027,oui,oui
"43.60458198335424,1.4456747196269275","{""coordinates"": [[[1.445670955530473, 43.60426689119928], [1.445678483723382, 43.6048970755092]]], ""type"": ""MultiLineString""}",RUE D ALSACE LORRAINE,LORRAINE (RUE D ALSACE LORRAINE),4626,TOULOUSE,31555,3.1555E+11,3105550224,Centre,70,4626,Aire Pietonne,13/107,oui,oui
"43.60214929317112,1.4445685393133492","{""coordinates"": [[[1.444565311385758, 43.60219089462599], [1.444571767240941, 43.60210769171624]]], ""type"": ""MultiLineString""}",PL DES PUITS CLOS,CLOS (PL DES PUITS CLOS),8106,TOULOUSE,31555,3.15556E+11,3105557176,Centre,9,8106,Aire Pietonne,11/103,,
"43.60299402272013,1.44538918681432","{""coordinates"": [[[1.445110698213905, 43.60298520894629], [1.445667675414735, 43.60300283649397]]], ""type"": ""MultiLineString""}",RUE BAOUR LORMIAN,LORMIAN (RUE BAOUR LORMIAN),4684,TOULOUSE,31555,3.15551E+11,3105550816,Centre,45,4684,Aire Pietonne,11/105,oui,oui
"43.59859053320829,1.4441614603592963","{""coordinates"": [[[1.444170665546924, 43.598453411536305], [1.444152255171669, 43.59872765488027]]], ""type"": ""MultiLineString""}",RUE DES FILATIERS,FILATIERS (RUE DES FILATIERS),4826,TOULOUSE,31555,3.15553E+11,3105553300,Centre,31,4826,Aire Pietonne,11/114,oui,oui
"43.60146228984274,1.4445529913714934","{""coordinates"": [[[1.444090271963129, 43.601482290469086], [1.444354891818719, 43.601460717576764], [1.445016333316089, 43.601456465253186]]], ""type"": ""MultiLineString""}",RUE PEYRAS,PEYRAS (RUE PEYRAS),4657,TOULOUSE,31555,3.15555E+11,3105556804,Centre,75,4657,Aire Pietonne,11/168,oui,oui
"43.60150030996412,1.4438556588913363","{""coordinates"": [[[1.443621045819543, 43.60151832945916], [1.444090271963129, 43.601482290469086]]], ""type"": ""MultiLineString""}",RUE PEYRAS,PEYRAS (RUE PEYRAS),4653,TOULOUSE,31555,3.15555E+11,3105556804,Centre,38,4653,Aire Pietonne,11/168,oui,oui
"43.60488257061793,1.4432687913323958","{""coordinates"": [[[1.44282683057064, 43.60482918650146], [1.443584549551256, 43.60491842283172], [1.443707750343377, 43.604951562797204]]], ""type"": ""MultiLineString""}",PL DU CAPITOLE,CAPITOLE (PL DU CAPITOLE),4897,TOULOUSE,31555,3.15551E+11,3105551676,Centre,72,4897,Aire Pietonne,13/106,oui,oui
"43.60227139436885,1.446619227363575","{""coordinates"": [[[1.446908635921552, 43.60202767401583], [1.446329818805597, 43.60251511472187]]], ""type"": ""MultiLineString""}",RUE DE LA POMME,POMME (RUE DE LA POMME),4675,TOULOUSE,31555,3.15555E+11,3105556988,Centre,71,4675,Aire Pietonne,13/108,oui,oui
"43.606800355133764,1.4460164049061468","{""coordinates"": [[[1.4456995472913, 43.60697778148089], [1.446210369899178, 43.60668755358858], [1.446341270678612, 43.60664032227308]]], ""type"": ""MultiLineString""}",RUE DU SALE,SALE (RUE DU SALE),3321,TOULOUSE,31555,3.15556E+11,3105558096,Centre,64,3321,Aire Pietonne,13/110,oui,oui
"43.602007666670616,1.4444361991605759","{""coordinates"": [[[1.444277425137114, 43.601853699110144], [1.444357441682377, 43.60189974279857], [1.444453431838743, 43.60201119645209], [1.444565311385758, 43.60219089462599]]], ""type"": ""MultiLineString""}",RUE DES PUITS CLOS,CLOS (RUE DES PUITS CLOS),4648,TOULOUSE,31555,3.15556E+11,3105557180,Centre,45,4648,Aire Pietonne,11/104,,
"43.61069223159604,1.4399526509964438","{""coordinates"": [[[1.439847358303442, 43.61041618022546], [1.439943203209395, 43.61062319505185], [1.43996472048619, 43.61066404994313], [1.439997355363484, 43.61083271697254], [1.440017280336742, 43.610980471095466]]], ""type"": ""MultiLineString""}",RUE DE LA VERGE D OR,OR (RUE DE LA VERGE D OR),3231,TOULOUSE,31555,3.15557E+11,3105558796,Centre,65,3231,Aire Pietonne,17/196,oui,oui
"43.6099116379111,1.4391576408684235","{""coordinates"": [[[1.439156066775646, 43.60979950601717], [1.439159214961201, 43.61002376980502]]], ""type"": ""MultiLineString""}",RUE ARNAUD BERNARD,BERNARD (RUE ARNAUD BERNARD),3240,TOULOUSE,31555,3.1555E+11,3105550524,Centre,25,3240,Aire Pietonne,17/196,oui,oui
"43.610188192951405,1.440388544586314","{""coordinates"": [[[1.440328290761696, 43.61021184392577], [1.440448798410932, 43.61016454197704]]], ""type"": ""MultiLineString""}",RUE DES TROIS PILIERS,PILIERS (RUE DES TROIS PILIERS),3271,TOULOUSE,31555,3.15557E+11,3105558612,Centre,11,3271,Aire Pietonne,17/196,oui,oui
"43.609318256832445,1.439137914317047","{""coordinates"": [[[1.439148546187432, 43.60917405683143], [1.439127282446662, 43.60946245683346]]], ""type"": ""MultiLineString""}",RUE DE LA CHAINE,CHAINE (RUE DE LA CHAINE),7143,TOULOUSE,31555,3.15552E+11,3105551844,Centre,32,7143,Aire Pietonne,17/196,oui,oui
"43.61043690484574,1.4397760777133648","{""coordinates"": [[[1.439704797123288, 43.61045762946603], [1.439847358303442, 43.61041618022546]]], ""type"": ""MultiLineString""}",RUE DES TROIS PILIERS,PILIERS (RUE DES TROIS PILIERS),5309,TOULOUSE,31555,3.15557E+11,3105558612,Centre,12,5309,Aire Pietonne,17/196,oui,oui
"43.608803782018384,1.442804338284488","{""coordinates"": [[[1.442661055555327, 43.608943598590365], [1.442696262607999, 43.60890148282337], [1.442784429332158, 43.60881729234265], [1.442885433861222, 43.60872085149167], [1.442965767787361, 43.60869017328541]]], ""type"": ""MultiLineString""}",PL SAINT SERNIN,SERNIN (PL SAINT SERNIN),3251,TOULOUSE,31555,3.15556E+11,3105557984,Centre,38,3251,Aire Pietonne,19/091,oui,oui
"43.60768199055472,1.4415982234851548","{""coordinates"": [[[1.441932288997836, 43.60783426000082], [1.441481565698955, 43.607629376529445], [1.441264811595608, 43.60752830150297]]], ""type"": ""MultiLineString""}",PL SAINT SERNIN,SERNIN (PL SAINT SERNIN),3248,TOULOUSE,31555,3.15556E+11,3105557984,Centre,64,3248,Aire Pietonne,19/090,oui,oui
"43.60672684628694,1.4468770711315717","{""coordinates"": [[[1.446970738803668, 43.60633872226079], [1.446783403459475, 43.60711497031309]]], ""type"": ""MultiLineString""}",PL VICTOR HUGO,HUGO (PL VICTOR HUGO),3327,TOULOUSE,31555,3.15553E+11,3105558840,Centre,88,3327,Aire Pietonne,18/206,oui,oui
"43.602371177025105,1.4435431775300693","{""coordinates"": [[[1.443536197049793, 43.602315299933466], [1.443550158010346, 43.60242705411675]]], ""type"": ""MultiLineString""}",RUE SAINT ROME,ROME (RUE SAINT ROME),4638,TOULOUSE,31555,3.15556E+11,3105557972,Centre,12,4638,Aire Pietonne,11/096,oui,oui
"43.603406256233576,1.4496336892293291","{""coordinates"": [[[1.448818464284088, 43.60343447684091], [1.449862704357454, 43.60343035451971], [1.450200138065649, 43.603415019987395], [1.450242284756391, 43.603382240396584], [1.450235312210948, 43.60315039068466]]], ""type"": ""MultiLineString""}",PL OCCITANE,OCCITANE (PL OCCITANE),5585,TOULOUSE,31555,3.15558E+11,3105556350,Centre,142,5585,Aire Pietonne,11/109,,
"43.603056614776754,1.4489302231765686","{""coordinates"": [[[1.449280502878954, 43.602919620673525], [1.448824791678591, 43.602920771048886], [1.448818464284088, 43.60343447684091]]], ""type"": ""MultiLineString""}",PL OCCITANE,OCCITANE (PL OCCITANE),8744,TOULOUSE,31555,3.15558E+11,3105556350,Centre,94,8744,Aire Pietonne,11/109,,
"43.603125163199245,1.4496705794934917","{""coordinates"": [[[1.450235312210948, 43.60315039068466], [1.449609132962198, 43.60314642280565], [1.449288877659131, 43.603143918353304], [1.449280502878954, 43.602919620673525]]], ""type"": ""MultiLineString""}",PL OCCITANE,OCCITANE (PL OCCITANE),8743,TOULOUSE,31555,3.15558E+11,3105556350,Centre,101,8743,Aire Pietonne,11/109,,
"43.6020626679208,1.4485595895504737","{""coordinates"": [[[1.448131357455081, 43.60192333887468], [1.448987821645866, 43.60220199696692]]], ""type"": ""MultiLineString""}",RUE ALEXANDRE FOURTANIER,FOURTANIER (RUE ALEXANDRE FOURTANIER),4751,TOULOUSE,31555,3.15553E+11,3105550156,Centre,76,4751,Aire Pietonne,11/110,,
"43.60170436035406,1.4425136902384343","{""coordinates"": [[[1.442261176304894, 43.601561569175146], [1.442662708021336, 43.60178614220574], [1.442760611389592, 43.60185597817809]]], ""type"": ""MultiLineString""}",RUE TRIPIERE,TRIPIERE (RUE TRIPIERE),4612,TOULOUSE,31555,3.15557E+11,3105558584,Centre,52,4612,Aire Pietonne,11/097,oui,oui
"43.60198892994867,1.4424031990292638","{""coordinates"": [[[1.442217319305318, 43.60196901010498], [1.44258907875321, 43.602008849792355]]], ""type"": ""MultiLineString""}",RUE DU MAY,MAY (RUE DU MAY),4610,TOULOUSE,31555,3.15555E+11,3105555836,Centre,30,4610,Aire Pietonne,11/099,oui,oui
"43.6017562010805,1.4431575758277704","{""coordinates"": [[[1.442760611389592, 43.60185597817809], [1.44293864304457, 43.60179115590822], [1.44335910280206, 43.60170743460965], [1.443563485543374, 43.60170904356473]]], ""type"": ""MultiLineString""}",RUE TRIPIERE,TRIPIERE (RUE TRIPIERE),5114,TOULOUSE,31555,3.15557E+11,3105558584,Centre,68,5114,Aire Pietonne,11/097,,
"43.6021925807698,1.4430539577019303","{""coordinates"": [[[1.44258907875321, 43.602008849792355], [1.442752066937399, 43.60207825733198], [1.443032586600558, 43.60221198524752], [1.443411322558361, 43.60230768582902], [1.443536197049793, 43.602315299933466]]], ""type"": ""MultiLineString""}",RUE DU MAY,MAY (RUE DU MAY),5111,TOULOUSE,31555,3.15555E+11,3105555836,Centre,85,5111,Aire Pietonne,11/099,,
"43.606874342079806,1.4423001618175584","{""coordinates"": [[[1.442351684235406, 43.606737557057016], [1.44224863939971, 43.607011127102595]]], ""type"": ""MultiLineString""}",RUE DU TAUR,TAUR (RUE DU TAUR),3260,TOULOUSE,31555,3.15557E+11,3105558408,Centre,32,3260,Aire Pietonne,13/114,oui,oui
"43.6057274619871,1.4426376219750052","{""coordinates"": [[[1.442656070515641, 43.605625421369275], [1.442619173434369, 43.60582950260493]]], ""type"": ""MultiLineString""}",RUE DU TAUR,TAUR (RUE DU TAUR),4619,TOULOUSE,31555,3.15557E+11,3105558408,Centre,23,4619,Aire Pietonne,13/114,oui,oui
"43.600959532359916,1.4456499665485174","{""coordinates"": [[[1.445654565081205, 43.60047657278167], [1.445645368015829, 43.60144249193816]]], ""type"": ""MultiLineString""}",RUE D ALSACE LORRAINE,LORRAINE (RUE D ALSACE LORRAINE),4664,TOULOUSE,31555,3.1555E+11,3105550224,Centre,107,4664,Aire Pietonne,13/107,oui,oui
"43.603994440317166,1.4456750190309506","{""coordinates"": [[[1.445679082531429, 43.60372198943506], [1.445670955530473, 43.60426689119928]]], ""type"": ""MultiLineString""}",RUE D ALSACE LORRAINE,LORRAINE (RUE D ALSACE LORRAINE),4690,TOULOUSE,31555,3.1555E+11,3105550224,Centre,61,4690,Aire Pietonne,13/107,oui,oui
"43.605857294319506,1.443448767904127","{""coordinates"": [[[1.442619173434369, 43.60582950260493], [1.443000214477609, 43.605859004915374], [1.443658581940557, 43.60588973743805], [1.444275697430528, 43.605804717052365]]], ""type"": ""MultiLineString""}",RUE DU SENECHAL,SENECHAL (RUE DU SENECHAL),3310,TOULOUSE,31555,3.15557E+11,3105558216,Centre,135,3310,Aire Pietonne,11/116,oui,oui
"43.59917235551707,1.4440316830130482","{""coordinates"": [[[1.444152255171669, 43.59872765488027], [1.443911110854428, 43.599617056153875]]], ""type"": ""MultiLineString""}",RUE DES FILATIERS,FILATIERS (RUE DES FILATIERS),4828,TOULOUSE,31555,3.15553E+11,3105553300,Centre,101,4828,Aire Pietonne,11/114,oui,oui
"43.66311340500529,1.3926034818760196","{""coordinates"": [[[1.391779815040784, 43.66227305314492], [1.391723936587236, 43.66246734646521], [1.392616470803523, 43.662904943679465], [1.393017264974536, 43.66308276896339], [1.392861936053367, 43.66350580614542], [1.392970124463581, 43.66373189704393], [1.39331731626987, 43.664115434330604]]], ""type"": ""MultiLineString""}",CHE DU TIERS ETAT,TIERS-ETAT (CHE DU TIERS ETAT),24476,BEAUZELLE,31056,3.1056E+11,31005,Ouest,273,2447,Aire Pietonne,,oui,oui
"43.65597988610855,1.3944140010856567","{""coordinates"": [[[1.393570536400713, 43.65551726663931], [1.393881724972212, 43.65569612339695], [1.395261742087326, 43.656434798335745]]], ""type"": ""MultiLineString""}",CHE DU MOULIN DE NAUDIN,NAUDIN (CHE DU MOULIN DE NAUDIN),33112,BLAGNAC,31069,3.1069E+11,3100690711,Ouest,170,3311,Aire Pietonne,,oui,oui
"43.65695528231947,1.3960802298475634","{""coordinates"": [[[1.395261742087326, 43.656434798335745], [1.395777809061426, 43.6567636065201], [1.396488806526806, 43.65721041521073], [1.396893693482743, 43.657483420501286]]], ""type"": ""MultiLineString""}",CHE DU MOULIN DE NAUDIN,NAUDIN (CHE DU MOULIN DE NAUDIN),12265,BLAGNAC,31069,3.1069E+11,3100690711,Ouest,176,1226,Aire Pietonne,,,
"43.604824533158684,1.442776776053753","{""coordinates"": [[[1.442726721536866, 43.6048198798159], [1.44282683057064, 43.60482918650146]]], ""type"": ""MultiLineString""}",PL DU CAPITOLE,CAPITOLE (PL DU CAPITOLE),4874,TOULOUSE,31555,3.15551E+11,3105551676,Centre,8,4874,Aire Pietonne,13/106,,
"43.60342717178999,1.4451262350192489","{""coordinates"": [[[1.445455334071706, 43.603272707165075], [1.444797135966791, 43.603581636414894]]], ""type"": ""MultiLineString""}",RUE DE LA POMME,POMME (RUE DE LA POMME),4689,TOULOUSE,31555,3.15555E+11,3105556988,Centre,63,4689,Aire Pietonne,13/108,oui,oui
"43.6049243191532,1.4446931170333799","{""coordinates"": [[[1.443707750343377, 43.604951562797204], [1.445678483723382, 43.6048970755092]]], ""type"": ""MultiLineString""}",RUE LAFAYETTE,LAFAYETTE (RUE LAFAYETTE),4622,TOULOUSE,31555,3.15554E+11,3105554920,Centre,159,4622,Aire Pietonne,13/109,oui,oui
"43.60594926394377,1.445690144835556","{""coordinates"": [[[1.445692920672886, 43.605762898817844], [1.445687368998226, 43.60613562906969]]], ""type"": ""MultiLineString""}",RUE D ALSACE LORRAINE,LORRAINE (RUE D ALSACE LORRAINE),3313,TOULOUSE,31555,3.1555E+11,3105550224,Centre,41,3313,Aire Pietonne,13/107,oui,oui
"43.60734908517036,1.4456933628275868","{""coordinates"": [[[1.4456995472913, 43.60697778148089], [1.445687178363874, 43.60772038885984]]], ""type"": ""MultiLineString""}",RUE D ALSACE LORRAINE,LORRAINE (RUE D ALSACE LORRAINE),3315,TOULOUSE,31555,3.1555E+11,3105550224,Centre,83,3315,Aire Pietonne,13/107,oui,oui
"43.60346634044663,1.4464972708355228","{""coordinates"": [[[1.445677459535496, 43.60348165894693], [1.44731708213555, 43.60345102194633]]], ""type"": ""MultiLineString""}",RUE LT COLONEL PELISSIER,PELISSIER (RUE LT COLONEL PELISSIER),4700,TOULOUSE,31555,3.15554E+11,3105555246,Centre,132,4700,Aire Pietonne,13/113,oui,oui
"43.598197571316284,1.444206429327453","{""coordinates"": [[[1.444264160588892, 43.59794608124844], [1.444202422955084, 43.59815753508645], [1.444170665546924, 43.598453411536305]]], ""type"": ""MultiLineString""}",RUE DES FILATIERS,FILATIERS (RUE DES FILATIERS),4817,TOULOUSE,31555,3.15553E+11,3105553300,Centre,57,4817,Aire Pietonne,11/114,oui,oui
"43.592205821418105,1.4176697378796292","{""coordinates"": [[[1.417857418462988, 43.59151598061458], [1.417617545924491, 43.592555719292974], [1.417340212183764, 43.592813658652844]]], ""type"": ""MultiLineString""}",RUE DU ONZE NOVEMBRE 1918,NOVEMBRE 1918 (RUE DU ONZE NOVEMBRE 1918),7220,TOULOUSE,31555,3.15558E+11,3105556383,Centre,154,7220,Aire Pietonne,13/185,oui,oui
"43.592572381437584,1.4440358132427042","{""coordinates"": [[[1.443547676620636, 43.592402753803185], [1.444523949864772, 43.59274200907198]]], ""type"": ""MultiLineString""}",ALL PAUL FEUGA,FEUGA (ALL PAUL FEUGA),4893,TOULOUSE,31555,3.15553E+11,3105556620,Centre,87,4893,Aire Pietonne,13/227,oui,oui
"43.602870641386914,1.4449796028482904","{""coordinates"": [[[1.444848507482676, 43.60275607382753], [1.445110698213905, 43.60298520894629]]], ""type"": ""MultiLineString""}",PL ROGER SALENGRO,SALENGRO (PL ROGER SALENGRO),4970,TOULOUSE,31555,3.15556E+11,3105557572,Centre,33,4970,Aire Pietonne,15/073,,
"43.64239578671436,1.4441652886188583","{""coordinates"": [[[1.444476432548712, 43.64198152842448], [1.444046231963171, 43.64199990411983], [1.444039660214596, 43.642439799404364], [1.444070817948178, 43.64279578831436], [1.444500716422705, 43.64279823053199]]], ""type"": ""MultiLineString""}",RUE DES CERISIERS,CERISIERS (RUE DES CERISIERS),1070,TOULOUSE,31555,3.15552E+11,3105551828,Nord,158,1070,Aire Pietonne,16/111,,
"43.60836384287325,1.439584839378517","{""coordinates"": [[[1.439958468840623, 43.60752379597731], [1.43979619845604, 43.60792555925845], [1.439692604039464, 43.6082331845442], [1.439148546187432, 43.60917405683143]]], ""type"": ""MultiLineString""}",RUE DE LA CHAINE,CHAINE (RUE DE LA CHAINE),3268,TOULOUSE,31555,3.15552E+11,3105551844,Centre,195,3268,Aire Pietonne,17/196,oui,oui
"43.610351294908924,1.441691471480849","{""coordinates"": [[[1.441631328659911, 43.61006319724235], [1.441751614301788, 43.6106393925755]]], ""type"": ""MultiLineString""}",RUE JEAN RANCY,RANCY (RUE JEAN RANCY),3226,TOULOUSE,31555,3.15556E+11,3105554644,Centre,65,3226,Aire Pietonne,17/196,oui,oui
"43.609462591854445,1.4426862127369202","{""coordinates"": [[[1.442661055555327, 43.608943598590365], [1.442814186636995, 43.60924372871455], [1.442549403148333, 43.609883108479], [1.4425737692457, 43.60999493964001]]], ""type"": ""MultiLineString""}",RUE MERLY,MERLY (RUE MERLY),3242,TOULOUSE,31555,3.15555E+11,3105555896,Centre,122,3242,Aire Pietonne,17/196,oui,oui
"43.61031401207561,1.440087824532569","{""coordinates"": [[[1.439847358303442, 43.61041618022546], [1.440328290761696, 43.61021184392577]]], ""type"": ""MultiLineString""}",RUE DES TROIS PILIERS,PILIERS (RUE DES TROIS PILIERS),3230,TOULOUSE,31555,3.15557E+11,3105558612,Centre,45,3230,Aire Pietonne,17/196,oui,oui
"43.61080012915775,1.4417980295594706","{""coordinates"": [[[1.441844444817153, 43.61096086574001], [1.441751614301788, 43.6106393925755]]], ""type"": ""MultiLineString""}",RUE JEAN RANCY,RANCY (RUE JEAN RANCY),5440,TOULOUSE,31555,3.15556E+11,3105554644,Centre,37,5440,Aire Pietonne,17/196,oui,oui
